<?xml version="1.0" encoding="UTF-8"?>
<project-private xmlns="http://www.netbeans.org/ns/project-private/1">
    <editor-bookmarks xmlns="http://www.netbeans.org/ns/editor-bookmarks/2" lastBookmarkId="0"/>
    <open-files xmlns="http://www.netbeans.org/ns/projectui-open-files/2">
        <group>
            <file>file:/F:/uni/semester%204/java%20projects/chrip%20lounge/SocialApp2/src/socialapp/FriendProfileController.java</file>
            <file>file:/F:/uni/semester%204/java%20projects/chrip%20lounge/SocialApp2/src/socialapp/CreatePostController.java</file>
            <file>file:/F:/uni/semester%204/java%20projects/chrip%20lounge/SocialApp2/src/socialapp/PostDisplayer.java</file>
            <file>file:/F:/uni/semester%204/java%20projects/chrip%20lounge/SocialApp2/src/socialapp/LoginController.java</file>
            <file>file:/F:/uni/semester%204/java%20projects/chrip%20lounge/SocialApp2/src/socialapp/BaseController.java</file>
            <file>file:/F:/uni/semester%204/java%20projects/chrip%20lounge/SocialApp2/src/socialapp/styles.css</file>
            <file>file:/F:/uni/semester%204/java%20projects/chrip%20lounge/SocialApp2/src/socialapp/FeedController.java</file>
            <file>file:/F:/uni/semester%204/java%20projects/chrip%20lounge/SocialApp2/src/socialapp/WelcomeController.java</file>
            <file>file:/F:/uni/semester%204/java%20projects/chrip%20lounge/SocialApp2/src/socialapp/SocialApp.java</file>
        </group>
    </open-files>
</project-private>
